,Descrittore,North America,South America
0,min_casi,1.0,1.0
1,max_casi,103436829.0,37720419.0
2,media_casi,1671206.1533498103,2878005.230146492
3,%_su_tot,4.3913038157013755,2.5907326481967745
